
USE TTNNDB
GO

INSERT INTO TAIKHOAN (USERNAME, [PASSWORD], [ROLE]) VALUES
(N'user1', N'password1', N'Tiếp nhận'),
(N'user2', N'password2', N'Coi thi'),
(N'user3', N'password3', N'Kế toán'),
(N'user4', N'password4', N'Phát hành'),
(N'user5', N'password5', N'Nhập liệu'),
(N'user6', N'password6', N'Coi thi'),
(N'user7', N'password7', N'Kế toán'),
(N'user8', N'password8', N'Phát hành'),
(N'user9', N'password9', N'Nhập liệu'),
(N'user10', N'password10', N'Tiếp nhận');
GO

INSERT INTO NHANVIEN (MANHANVIEN, TENNHANVIEN, NGAYSINH, DIACHI, SĐT, EMAIL, VAITRO) VALUES
('NV0000001', N'Trần Đan Huy', '1985-05-12', N'123 Lê Lợi, Hà Nội', '0912345678', 'nva@example.com', N'Tiếp nhận'),
('NV0000002', N'Đỗ Hải Yến', '1990-07-23', N'456 Nguyễn Trãi, TP HCM', '0923456789', 'ttb@example.com', N'Coi thi'),
('NV0000003', N'Lâm Tiến Huy', '1988-11-30', N'789 Hai Bà Trưng, Đà Nẵng', '0934567890', 'pvc@example.com', N'Kế toán'),
('NV0000004', N'Lê Phương Giang', '1992-03-15', N'321 Trần Hưng Đạo, Hải Phòng', '0945678901', 'ltd@example.com', N'Phát hành'),
('NV0000005', N'Nguyễn Bình Minh', '1987-09-10', N'654 Lý Thường Kiệt, Cần Thơ', '0956789012', 'hve@example.com', N'Nhập liệu'),
('NV0000006', N'Võ Như Quỳnh', '1995-12-05', N'987 Quang Trung, Đà Lạt', '0967890123', 'dtf@example.com', N'Tiếp nhận'),
('NV0000007', N'Đỗ Quốc Việt', '1993-08-19', N'741 Nguyễn Huệ, Vinh', '0978901234', 'bvg@example.com', N'Coi thi'),
('NV0000008', N'Nguyễn Trần Khánh Liên', '1991-06-25', N'852 Trần Quang Khải, Nha Trang', '0989012345', 'nth@example.com', N'Kế toán'),
('NV0000009', N'Trần Bảo Dương', '1986-04-17', N'369 Hoàng Hoa Thám, Huế', '0990123456', 'vvi@example.com', N'Phát hành'),
('NV0000010', N'Lê Trần Ngân Tâm', '1994-02-28', N'258 Lạc Long Quân, Quy Nhơn', '0901234567', 'dtk@example.com', N'Nhập liệu');
GO

INSERT INTO DONVICHAMTHI (MADONVI, TENDONVI, DIACHI, SĐT, EMAIL)
VALUES
('DV00000001', N'Đơn Vị A', N'Địa chỉ 1, Hà Nội', '0123456789', 'donvia@example.com'),
('DV00000002', N'Đơn Vị B', N'Địa chỉ 2, TP.HCM', '0987654321', 'donvib@example.com'),
('DV00000003', N'Đơn Vị C', N'Địa chỉ 3, Đà Nẵng', '0934123456', 'donvic@example.com'),
('DV00000004', N'Đơn Vị D', N'Địa chỉ 4, Huế', '0945123456', 'donvid@example.com'),
('DV00000005', N'Đơn Vị E', N'Địa chỉ 5, Cần Thơ', '0976123456', 'donvie@example.com'),
('DV00000006', N'Đơn Vị F', N'Địa chỉ 6, Hải Phòng', '0915123456', 'donvif@example.com'),
('DV00000007', N'Đơn Vị G', N'Địa chỉ 7, Quảng Ninh', '0905123456', 'donvig@example.com'),
('DV00000008', N'Đơn Vị H', N'Địa chỉ 8, Bắc Giang', '0925123456', 'donvih@example.com'),
('DV00000009', N'Đơn Vị I', N'Địa chỉ 9, Nghệ An', '0935123456', 'donvii@example.com'),
('DV00000010', N'Đơn Vị J', N'Địa chỉ 10, Quảng Nam', '0945123456', 'donvij@example.com');
GO

INSERT INTO LINHVUC (MALINHVUC, TENLINHVUC)
VALUES
('LV00000001', N'Ngoại ngữ'),
('LV00000002', N'Tin học');
GO

INSERT INTO PHONGTHI (MAPHONG, TENPHONG, VITRIPHONG, SUCCHUA)
VALUES 
('PT0000001', N'Phòng Thi 1', N'Tầng 1, Khu A', 30),
('PT0000002', N'Phòng Thi 2', N'Tầng 1, Khu A', 20),
('PT0000003', N'Phòng Thi 3', N'Tầng 2, Khu B', 15),
('PT0000004', N'Phòng Thi 4', N'Tầng 2, Khu B', 40),
('PT0000005', N'Phòng Thi 5', N'Tầng 3, Khu C', 60),
('PT0000006', N'Phòng Thi 6', N'Tầng 3, Khu C', 100),
('PT0000007', N'Phòng Thi 7', N'Tầng 4, Khu D', 35),
('PT0000008', N'Phòng Thi 8', N'Tầng 4, Khu D', 40),
('PT0000009', N'Phòng Thi 9', N'Tầng 5, Khu E', 20),
('PT0000010', N'Phòng Thi 10', N'Tầng 5, Khu E', 50);
GO

INSERT INTO LOAIDANHGIANANGLUC (MADANHGIA, TENDANHGIA, CAPDO, MALINHVUC, GIAHIENTAI)
VALUES
-- Các chứng chỉ ngoại ngữ
('DG00000001', N'IELTS', N'1.0 - 9.0', 'LV00000001', 4500000),
('DG00000002', N'TOEIC', N'10 - 990', 'LV00000001', 1200000),
('DG00000003', N'TOEFL iBT', N'0 - 120', 'LV00000001', 4800000),
('DG00000004', N'Cambridge C1 Advanced', N'C1', 'LV00000001', 3500000),
('DG00000005', N'DELF', N'A1 - C2', 'LV00000001', 2800000),

-- Các chứng chỉ tin học
('DG00000006', N'MOS', N'Excel, Word, PowerPoint', 'LV00000002', 1500000),
('DG00000007', N'IC3', N'GS4, GS5', 'LV00000002', 1800000),
('DG00000008', N'CEH (Certified Ethical Hacker)', N'Chuyên gia bảo mật', 'LV00000002', 18000000),
('DG00000009', N'CompTIA Security+', N'Bảo mật hệ thống', 'LV00000002', 9500000),
('DG00000010', N'CCNA', N'Mạng máy tính', 'LV00000002', 7000000);
GO

INSERT INTO LICHTHI (MALICHTHI, NGAYTHI, GIOTHI, SOLUONGTOIDA, LOAILICHTHI, TRANGTHAI, MAPHONG, MADANHGIA, MADONVI)
VALUES 
('LT00000001', '2025-05-10', '08:00:00', 30, N'Tự do', N'Chưa thi', 'PT0000001', 'DG00000001', NULL),
('LT00000002', '2025-05-11', '13:00:00', 25, N'Đơn vị', N'Chưa thi', 'PT0000002', 'DG00000002', NULL),
('LT00000003', '2025-05-12', '08:00:00', 35, N'Tự do', N'Đã thi', 'PT0000003', 'DG00000003', NULL),
('LT00000004', '2025-05-13', '13:00:00', 40, N'Đơn vị', N'Chưa thi', 'PT0000004', 'DG00000004', NULL),
('LT00000005', '2025-05-14', '08:00:00', 30, N'Tự do', N'Chưa thi', 'PT0000005', 'DG00000005', NULL),
('LT00000006', '2025-05-15', '13:00:00', 20, N'Đơn vị', N'Chưa thi', 'PT0000006', 'DG00000006', NULL),
('LT00000007', '2025-05-16', '08:00:00', 28, N'Tự do', N'Đã huỷ', 'PT0000007', 'DG00000007', NULL),
('LT00000008', '2025-05-17', '13:00:00', 32, N'Đơn vị', N'Đã huỷ', 'PT0000008', 'DG00000008', NULL),
('LT00000009', '2025-05-18', '08:00:00', 26, N'Tự do', N'Chưa thi', 'PT0000009', 'DG00000009', NULL),
('LT00000010', '2025-05-19', '13:00:00', 30, N'Đơn vị', N'Đã thi', 'PT0000010', 'DG00000010', NULL),

('LT00000011', '2025-05-20', '08:00:00', 30, N'Tự do', N'Chưa thi', 'PT0000001', 'DG00000001', NULL),
('LT00000012', '2025-05-21', '13:00:00', 40, N'Đơn vị', N'Chưa thi', 'PT0000004', 'DG00000004', NULL),
('LT00000013', '2025-05-22', '13:00:00', 20, N'Đơn vị', N'Chưa thi', 'PT0000006', 'DG00000006', NULL);
GO

INSERT INTO KHACHHANG (MAKHACHHANG, TENKHACHHANG, NGAYSINH, DIACHI, SĐT, EMAIL, LOAIKHACHHANG)
VALUES
('KH00000001', N'Trần Minh Sang', '1990-05-15', N'123 Đường ABC, Hà Nội', '0123456789', 'tms@example.com', N'Tự do'),
('KH00000002', N'Công ty TNHH Xây dựng Thành Đạt', NULL, N'456 Đường DEF, TP.HCM', '0987654321', 'contact@thanhdatxaydung.com', N'Đơn vị'),
('KH00000003', N'Tập đoàn Công nghệ FutureTech', NULL, N'789 Đường GHI, Đà Nẵng', '0912345678', 'info@futuretech.com', N'Đơn vị'),
('KH00000004', N'Trung tâm Dịch vụ Y tế Hòa Bình', NULL, N'321 Đường JKL, Cần Thơ', '0967890123', 'hoabinhmed@health.com', N'Đơn vị'),
('KH00000005', N'Đỗ Bảo Quỳnh', '1995-10-20', N'555 Đường MNO, Hải Phòng', '0971122334', 'dbq@example.com', N'Tự do'),
('KH00000006', N'Công ty Bảo hiểm An Phát', NULL, N'654 Đường PQR, Huế', '0944556677', 'support@anphatinsurance.com', N'Đơn vị'),
('KH00000007', N'Trần Châu Thúy Vy', '2000-07-07', N'987 Đường STU, Nha Trang', '0988112233', 'thuyvy@example.com', N'Tự do'),
('KH00000008', N'Trung tâm Giải trí Galaxy', NULL, N'222 Đường VWX, Bình Dương', '0922334455', 'contact@galaxyentertainment.com', N'Đơn vị'),
('KH00000009', N'Nguyễn Kim Quyên', '1988-02-28', N'111 Đường YZ, Đà Lạt', '0909777888', 'kimquyen@example.com', N'Tự do'),
('KH00000010', N'Công ty Du lịch Bốn Mùa', NULL, N'888 Đường ABC, Hải Dương', '0977445566', 'info@bonmuatravel.com', N'Đơn vị');
GO

INSERT INTO PHIEUDANGKY (MAPHIEUDANGKY, NGAYDANGKY, MAKHACHHANG, MALICHTHI, MANHANVIEN, TRANGTHAIHOADON, MANGAYTHICU, TRANGTHAIGIAHAN)
VALUES
('PDK0000001', '2025-04-05', 'KH00000001', 'LT00000011', 'NV0000001', N'Yêu cầu', 'LT00000001', N'Đã gia hạn lần 1'),
('PDK0000002', '2025-04-06', 'KH00000002', 'LT00000002', 'NV0000001', N'Đã lập', NULL, N'Chưa gia hạn'),
('PDK0000003', '2025-04-07', 'KH00000003', 'LT00000003', 'NV0000001', N'Đã lập', NULL, N'Chưa gia hạn'),
('PDK0000004', '2025-04-08', 'KH00000004', 'LT00000012', 'NV0000001', N'Đã lập', 'LT00000004', N'Đã gia hạn lần 1'),
('PDK0000005', '2025-04-09', 'KH00000005', 'LT00000005', 'NV0000001', N'Yêu cầu', NULL, N'Chưa gia hạn'),
('PDK0000006', '2025-04-10', 'KH00000006', 'LT00000013', 'NV0000001', N'Đã lập', 'LT00000006', N'Đã gia hạn lần 1'),
('PDK0000007', '2025-04-11', 'KH00000007', 'LT00000007', 'NV0000001', N'Chưa lập', NULL, N'Chưa gia hạn'),
('PDK0000008', '2025-04-12', 'KH00000008', 'LT00000008', 'NV0000001', N'Đã lập', NULL, N'Chưa gia hạn'),
('PDK0000009', '2025-04-13', 'KH00000009', 'LT00000009', 'NV0000001', N'Yêu cầu', NULL, N'Chưa gia hạn'),
('PDK0000010', '2025-04-14', 'KH00000010', 'LT00000010', 'NV0000001', N'Chưa lập', NULL, N'Chưa gia hạn');
GO

--Khách hàng tự do
INSERT INTO THISINH (MATHISINH, TENTHISINH, NGAYSINH, DIACHI, SĐT, EMAIL, MAPHIEUDANGKY) VALUES
(20001, N'Trần Minh Sang', '1990-05-15', N'123 Đường ABC, Hà Nội', '0123456789', 'tms@example.com', 'PDK0000001'),
(20002, N'Đỗ Bảo Quỳnh', '1995-10-20', N'555 Đường MNO, Hải Phòng', '0971122334', 'dbq@example.com', 'PDK0000005'),
(20003, N'Trần Châu Thúy Vy', '2000-07-07', N'987 Đường STU, Nha Trang', '0988112233', 'thuyvy@example.com', 'PDK0000007'),
(20004, N'Nguyễn Kim Quyên', '1988-02-28', N'111 Đường YZ, Đà Lạt', '0909777888', 'kimquyen@example.com', 'PDK0000009');
GO

--Khách hàng đơn vị
INSERT INTO THISINH (MATHISINH, TENTHISINH, NGAYSINH, DIACHI, SĐT, EMAIL, MAPHIEUDANGKY) VALUES
(20006, N'Võ Lê Quế Anh', '1995-01-01', N'Q1, TP.HCM', '0901000001', 'a1@ctydathanh.com', 'PDK0000002'),
(20007, N'Nguyễn Thị Lệ Nam', '1994-02-02', N'Q3, TP.HCM', '0901000002', 'b2@ctydathanh.com', 'PDK0000002'),
(20008, N'Đỗ Nhật Hà', '1993-03-03', N'Q5, TP.HCM', '0901000003', 'c3@ctydathanh.com', 'PDK0000002'),
(20009, N'Nguyễn Ngọc Lan Hương', '1992-04-04', N'Q7, TP.HCM', '0901000004', 'd4@ctydathanh.com', 'PDK0000002'),
(20010, N'Huỳnh Văn Mến', '1991-05-05', N'Tân Phú, TP.HCM', '0901000005', 'e5@ctydathanh.com', 'PDK0000002');

INSERT INTO THISINH (MATHISINH, TENTHISINH, NGAYSINH, DIACHI, SĐT, EMAIL, MAPHIEUDANGKY) VALUES
(20011, N'Võ Minh Khoa', '1990-06-01', N'Liên Chiểu, Đà Nẵng', '0902000001', 'khoa@futuretech.com', 'PDK0000003'),
(20012, N'Ngô Thị Hồng', '1992-07-12', N'Hải Châu, Đà Nẵng', '0902000002', 'hong@futuretech.com', 'PDK0000003'),
(20013, N'Trịnh Văn Tùng', '1993-08-23', N'Sơn Trà, Đà Nẵng', '0902000003', 'tung@futuretech.com', 'PDK0000003'),
(20014, N'Phan Thị Lan', '1991-09-14', N'Thanh Khê, Đà Nẵng', '0902000004', 'lan@futuretech.com', 'PDK0000003'),
(20015, N'Tống Văn Huy', '1994-10-30', N'Cẩm Lệ, Đà Nẵng', '0902000005', 'huy@futuretech.com', 'PDK0000003');

INSERT INTO THISINH (MATHISINH, TENTHISINH, NGAYSINH, DIACHI, SĐT, EMAIL, MAPHIEUDANGKY) VALUES
(20016, N'Lê Ngọc Bích', '1989-01-11', N'Ninh Kiều, Cần Thơ', '0903000001', 'bich@hoabinhmed.com', 'PDK0000004'),
(20017, N'Trần Văn Hùng', '1990-03-20', N'Cái Răng, Cần Thơ', '0903000002', 'hung@hoabinhmed.com', 'PDK0000004'),
(20018, N'Nguyễn Thị Hoa', '1988-04-14', N'Bình Thủy, Cần Thơ', '0903000003', 'hoa@hoabinhmed.com', 'PDK0000004'),
(20019, N'Đặng Văn Toàn', '1987-05-22', N'Ô Môn, Cần Thơ', '0903000004', 'toan@hoabinhmed.com', 'PDK0000004'),
(20020, N'Vũ Thị Tuyết', '1991-06-30', N'Thốt Nốt, Cần Thơ', '0903000005', 'tuyet@hoabinhmed.com', 'PDK0000004');

INSERT INTO THISINH (MATHISINH, TENTHISINH, NGAYSINH, DIACHI, SĐT, EMAIL, MAPHIEUDANGKY) VALUES
(20021, N'Nguyễn Hữu Tài', '1985-02-01', N'TP. Huế', '0904000001', 'tai@anphat.com', 'PDK0000006'),
(20022, N'Trần Thị Mai', '1986-03-15', N'Hương Thủy, Huế', '0904000002', 'mai@anphat.com', 'PDK0000006'),
(20023, N'Phạm Văn Hoàng', '1987-04-19', N'Hương Trà, Huế', '0904000003', 'hoang@anphat.com', 'PDK0000006'),
(20024, N'Lý Thị Hạnh', '1988-05-25', N'Phong Điền, Huế', '0904000004', 'hanh@anphat.com', 'PDK0000006'),
(20025, N'Hoàng Văn Dương', '1989-06-29', N'Quảng Điền, Huế', '0904000005', 'duong@anphat.com', 'PDK0000006');

INSERT INTO THISINH (MATHISINH, TENTHISINH, NGAYSINH, DIACHI, SĐT, EMAIL, MAPHIEUDANGKY) VALUES
(20026, N'Võ Ngọc Sơn', '1990-07-01', N'Bình Dương', '0905000001', 'son@galaxy.com', 'PDK0000008'),
(20027, N'Ngô Thị Linh', '1991-08-08', N'Bình Dương', '0905000002', 'linh@galaxy.com', 'PDK0000008'),
(20028, N'Trịnh Văn Hòa', '1992-09-09', N'Bình Dương', '0905000003', 'hoa@galaxy.com', 'PDK0000008'),
(20029, N'Tống Thị Mỹ', '1993-10-10', N'Bình Dương', '0905000004', 'my@galaxy.com', 'PDK0000008'),
(20030, N'Phan Văn An', '1994-11-11', N'Bình Dương', '0905000005', 'an@galaxy.com', 'PDK0000008');

INSERT INTO THISINH (MATHISINH, TENTHISINH, NGAYSINH, DIACHI, SĐT, EMAIL, MAPHIEUDANGKY) VALUES
(20031, N'Tiết Gia Hồng', '1995-01-01', N'Hà Nội', '0906000001', 'hoahau1@galaxy.com', 'PDK0000010'),
(20032, N'Vũ Thị Mỹ Hằng', '1995-02-02', N'Hồ Chí Minh', '0906000002', 'hoahau2@galaxy.com', 'PDK0000010'),
(20033, N'Hồ Thị Hoàng Vy', '1995-03-03', N'Đà Nẵng', '0906000003', 'hoahau3@galaxy.com', 'PDK0000010'),
(20034, N'Nguyễn Ngọc Minh Châu', '1995-04-04', N'Cần Thơ', '0906000004', 'hoahau4@galaxy.com', 'PDK0000010'),
(20035, N'Lê Nguyễn Hoài Nam', '1995-05-05', N'Hải Phòng', '0906000005', 'hoahau5@galaxy.com', 'PDK0000010');
GO

INSERT INTO PHIEUGIAHAN (MAPHIEUGIAHAN, PHIGIAHAN, MADANGKY, MANHANVIEN, TRUONGHOPGIAHAN)
VALUES
('PGH0000001', 500000, 'PDK0000001', 'NV0000003', N'Gia hạn do thí sinh bị ốm'),
('PGH0000002', 700000, 'PDK0000004', 'NV0000008', N'Gia hạn theo yêu cầu đơn vị'),
('PGH0000003', 600000, 'PDK0000006', 'NV0000003', N'Gia hạn do lịch thi bị hoãn');
GO

INSERT INTO CHUNGMINHGIAHAN (MAPHIEUCM, MAPHIEUGIAHAN, LYDOGIAHAN)
VALUES
('CM00000001', 'PGH0000001', N'Thí sinh có đơn xin gia hạn và giấy xác nhận bệnh viện.'),
('CM00000002', 'PGH0000002', N'Đơn vị đề nghị gia hạn do lịch công tác trùng lịch thi.'),
('CM00000003', 'PGH0000003', N'Lịch thi bị hoãn do sự cố kỹ thuật. Biên bản đính kèm.');

GO
INSERT INTO PHANCONG (MALICHTHI, MANHANVIEN)
VALUES
('LT00000001', 'NV0000002'),
('LT00000003', 'NV0000002'),
('LT00000005', 'NV0000002'),
('LT00000007', 'NV0000002'),
('LT00000009', 'NV0000002'),

('LT00000002', 'NV0000007'),
('LT00000004', 'NV0000007'),
('LT00000006', 'NV0000007'),
('LT00000008', 'NV0000007'),
('LT00000010', 'NV0000007');

GO
INSERT INTO THANHTOANPHIEUGIAHAN (MAGIAHAN, TRANGTHAI, SOTIEN, NGAYTHANHTOAN, MAPHIEUGIAHAN)
VALUES
('TG00000001', N'Đã thanh toán', 500000, '2025-04-21', 'PGH0000001'),
('TG00000002', N'Chưa thanh toán', 700000, NULL, 'PGH0000002'),
('TG00000003', N'Quá hạn', 600000, NULL, 'PGH0000003');

GO
INSERT INTO UUDAI (MAUUDAI, DIEUKIEN, PHANTRAMKHUYENMAI)
VALUES
('UU00000001', 2, 10.0),  
('UU00000002', 20, 15.0); 
GO

INSERT INTO PHIEUDUTHI (MAPHIEUDUTHI, SBD, TRANGTHAI, NGAYPHATHANH, MANHANVIEN, MAPHIEUDANGKY, MATHISINH)
VALUES
('PDT0000001', '000001', N'Đã gửi', '2025-04-20', 'NV0000004', 'PDK0000001', 20001),
('PDT0000002', '000002', N'Đã gửi', '2025-04-20', 'NV0000004', 'PDK0000005', 20002),
('PDT0000003', '000003', N'Đã gửi', '2025-04-20', 'NV0000004', 'PDK0000007', 20003),
('PDT0000004', '000004', N'Đã gửi', '2025-04-20', 'NV0000004', 'PDK0000009', 20004),

('PDT0000005', '000005', N'Đã gửi', '2025-04-20', 'NV0000004', 'PDK0000002', 20006),
('PDT0000006', '000006', N'Đã gửi', '2025-04-20', 'NV0000004', 'PDK0000002', 20007),
('PDT0000007', '000007', N'Đã gửi', '2025-04-20', 'NV0000004', 'PDK0000002', 20008),
('PDT0000008', '000008', N'Đã gửi', '2025-04-20', 'NV0000004', 'PDK0000002', 20009),
('PDT0000009', '000009', N'Đã gửi', '2025-04-20', 'NV0000004', 'PDK0000002', 20010),

('PDT0000010', '000010', N'Đã gửi', '2025-04-20', 'NV0000004', 'PDK0000003', 20011),
('PDT0000011', '000011', N'Đã gửi', '2025-04-20', 'NV0000004', 'PDK0000003', 20012),
('PDT0000012', '000012', N'Đã gửi', '2025-04-20', 'NV0000004', 'PDK0000003', 20013),
('PDT0000013', '000013', N'Đã gửi', '2025-04-20', 'NV0000004', 'PDK0000003', 20014),
('PDT0000014', '000014', N'Đã gửi', '2025-04-20', 'NV0000004', 'PDK0000003', 20015),

('PDT0000015', '000015', N'Đã gửi', '2025-04-20', 'NV0000009', 'PDK0000004', 20016),
('PDT0000016', '000016', N'Đã gửi', '2025-04-20', 'NV0000009', 'PDK0000004', 20017),
('PDT0000017', '000017', N'Đã gửi', '2025-04-20', 'NV0000009', 'PDK0000004', 20018),
('PDT0000018', '000018', N'Đã gửi', '2025-04-20', 'NV0000009', 'PDK0000004', 20019),
('PDT0000019', '000019', N'Đã gửi', '2025-04-20', 'NV0000009', 'PDK0000004', 20020),

('PDT0000020', '000020', N'Đã gửi', '2025-04-20', 'NV0000009', 'PDK0000006', 20021),
('PDT0000021', '000021', N'Đã gửi', '2025-04-20', 'NV0000009', 'PDK0000006', 20022),
('PDT0000022', '000022', N'Đã gửi', '2025-04-20', 'NV0000009', 'PDK0000006', 20023),
('PDT0000023', '000023', N'Đã gửi', '2025-04-20', 'NV0000009', 'PDK0000006', 20024),
('PDT0000024', '000024', N'Đã gửi', '2025-04-20', 'NV0000009', 'PDK0000006', 20025),

('PDT0000025', '000025', N'Đã gửi', '2025-04-20', 'NV0000009', 'PDK0000008', 20026),
('PDT0000026', '000026', N'Đã gửi', '2025-04-21', 'NV0000009', 'PDK0000008', 20027),
('PDT0000027', '000027', N'Đã gửi', '2025-04-21', 'NV0000009', 'PDK0000008', 20028),
('PDT0000028', '000028', N'Đã gửi', '2025-04-20', 'NV0000009', 'PDK0000008', 20029),
('PDT0000029', '000029', N'Đã gửi', '2025-04-21', 'NV0000009', 'PDK0000008', 20030);
GO

INSERT INTO CHUNGCHI (MACHUNGCHI, NGAYCAP, KETQUATHI, TRANGTHAI, NGAYNHAP, MAPHIEUDUTHI, MAKHACHHANG, MANHANVIEN)
VALUES
('CC00000001', NULL, '7.5', N'Chưa nhận', NULL, 'PDT0000001', 'KH00000001', 'NV0000001'),
('CC00000002', NULL, 'B2', N'Chưa nhận', NULL, 'PDT0000002', 'KH00000005', 'NV0000001'),
('CC00000003', NULL, 'GS5', N'Chưa nhận', NULL, 'PDT0000003', 'KH00000007', 'NV0000001'),
('CC00000004', NULL, 'Passed', N'Chưa nhận', 'PDT0000004', 'KH00000009', 'NV0000001'),

('CC00000005', NULL, '850', N'Chưa nhận', NULL, 'PDT0000005', 'KH00000002', 'NV0000001'),
('CC00000006', NULL, '850', N'Chưa nhận', NULL, 'PDT0000006', 'KH00000002', 'NV0000001'),
('CC00000007', NULL, '850', N'Chưa nhận', NULL, 'PDT0000007', 'KH00000002', 'NV0000001'),
('CC00000008', NULL, '850', N'Chưa nhận', NULL, 'PDT0000008', 'KH00000002', 'NV0000001'),
('CC00000009', NULL, '850', N'Chưa nhận', NULL, 'PDT0000009', 'KH00000002', 'NV0000001'),

('CC00000010', NULL, '95', N'Chưa nhận', NULL, 'PDT0000010', 'KH00000003', 'NV0000001'),
('CC00000011', NULL, '95', N'Chưa nhận', NULL, 'PDT0000011', 'KH00000003', 'NV0000001'),
('CC00000012', NULL, '95', N'Chưa nhận', NULL, 'PDT0000012', 'KH00000003', 'NV0000001'),
('CC00000013', NULL, '95', N'Chưa nhận', NULL, 'PDT0000013', 'KH00000003', 'NV0000001'),
('CC00000014', NULL, '95', N'Chưa nhận', NULL, 'PDT0000014', 'KH00000003', 'NV0000001'),

('CC00000015', NULL, 'C1', N'Chưa nhận', NULL, 'PDT0000015', 'KH00000004', 'NV0000001'),
('CC00000016', NULL, 'C1', N'Chưa nhận', NULL, 'PDT0000016', 'KH00000004', 'NV0000001'),
('CC00000017', NULL, 'C1', N'Chưa nhận', NULL, 'PDT0000017', 'KH00000004', 'NV0000001'),
('CC00000018', NULL, 'C1', N'Chưa nhận', NULL, 'PDT0000018', 'KH00000004', 'NV0000001'),
('CC00000019', NULL, 'C1', N'Chưa nhận', NULL, 'PDT0000019', 'KH00000004', 'NV0000001'),

('CC00000020', NULL, 'MOS Word', N'Chưa nhận', NULL, 'PDT0000020', 'KH00000006', 'NV0000001'),
('CC00000021', NULL, 'MOS Word', N'Chưa nhận', NULL, 'PDT0000021', 'KH00000006', 'NV0000001'),
('CC00000022', NULL, 'MOS Word', N'Chưa nhận', NULL, 'PDT0000022', 'KH00000006', 'NV0000001'),
('CC00000023', NULL, 'MOS Word', N'Chưa nhận', NULL, 'PDT0000023', 'KH00000006', 'NV0000001'),
('CC00000024', NULL, 'MOS Word', N'Chưa nhận', NULL, 'PDT0000024', 'KH00000006', 'NV0000001'),

('CC00000025', NULL, 'Pass', N'Chưa nhận', NULL, 'PDT0000025', 'KH00000008', 'NV0000001'),
('CC00000026', NULL, 'Pass', N'Chưa nhận', NULL, 'PDT0000026', 'KH00000008', 'NV0000001'),
('CC00000027', NULL, 'Pass', N'Chưa nhận', NULL, 'PDT0000027', 'KH00000008', 'NV0000001'),
('CC00000028', NULL, 'Pass', N'Chưa nhận', NULL, 'PDT0000028', 'KH00000008', 'NV0000001'),
('CC00000029', NULL, 'Pass', N'Chưa nhận', NULL, 'PDT0000029', 'KH00000008', 'NV0000001');
GO

INSERT INTO HOADON (MAHOADON, THANHTIEN, NGAYLAP, SOLUONGTHISINH, MAUUDAI, MANHANVIEN, MAPHIEUDANGKY) VALUES
('HD00000001', NULL, '2025-05-20', 5, 'UU00000001', 'NV0000003', 'PDK0000002'),
('HD00000002', NULL, '2025-05-21', 5, 'UU00000001', 'NV0000003', 'PDK0000003'),
('HD00000003', NULL, '2025-05-22', 5, 'UU00000001', 'NV0000003', 'PDK0000004'),
('HD00000004', NULL, '2025-05-23', 5, 'UU00000001', 'NV0000003', 'PDK0000006'),
('HD00000005', NULL, '2025-05-24', 5, 'UU00000001', 'NV0000003', 'PDK0000008');

GO
UPDATE HOADON
SET MANHANVIEN = 'NV0000003'
GO

INSERT INTO THANHTOANHOADON (MATHANHTOAN, TRANGTHAI, SOTIEN, NGAYTHANHTOAN, MAHOADON)
SELECT 
    'TT' + RIGHT('0000000' + CAST(ROW_NUMBER() OVER (ORDER BY MAHOADON) AS VARCHAR), 7) AS MATHANHTOAN,
    CASE 
        WHEN THANHTIEN IS NULL OR THANHTIEN = 0 THEN N'Chưa thanh toán'
        WHEN NGAYLAP < DATEADD(DAY, -30, GETDATE()) THEN N'Quá hạn'
        ELSE N'Đã thanh toán'
    END AS TRANGTHAI,
    THANHTIEN AS SOTIEN,
    CASE 
        WHEN THANHTIEN IS NULL OR THANHTIEN = 0 THEN NULL 
        ELSE NGAYLAP 
    END AS NGAYTHANHTOAN,
    MAHOADON
FROM HOADON;

GO
INSERT INTO GIAODICHCHUYENKHOAN (MAGIAODICH, NGAGIAODICH, SOTIEN, NGAYTHANHTOAN, MATHANHTOAN, MAKHACHHANG)
SELECT 
    'GD' + RIGHT('000000' + CAST(ROW_NUMBER() OVER (ORDER BY MATHANHTOAN) AS VARCHAR), 7) AS MAGIAODICH,
    NGAYTHANHTOAN AS NGAGIAODICH,
    SOTIEN,
    NGAYTHANHTOAN,
    MATHANHTOAN,
    NULL AS MAKHACHHANG 
FROM THANHTOANHOADON
WHERE TRANGTHAI = N'Đã thanh toán';

GO